Unnamed: 0,value_eur
0,1100495.5
1,338619.5625
2,247897.6875
3,962155.8125
4,495133.65625
5,1174700.125
6,5751069.5
7,1767820.75
8,824386.125
9,701874.6875
10,2914580.25
11,516328.78125
12,23875360.0
13,1566662.375
14,3170909.0
15,263122.59375
16,613453.5
17,198518.140625
18,308645.4375
19,442312.40625
20,12214173.0
21,29623900.0
22,68733.9375
23,677411.625
24,1741450.875
25,1650295.25
26,37562860.0
27,583229.4375
28,55431992.0
29,409968.71875
30,396910.65625
31,772996.5
32,1800500.625
33,26751888.0
34,587795.9375
35,19022574.0
36,538179.625
37,593405.75
38,482238.84375
39,156069.953125
40,404205.5625
41,1340234.0
42,686012.125
43,659920.125
44,484560.03125
45,2143832.0
46,3087118.5
47,3097369.25
48,2635892.5
49,3989576.25
50,408861.8125
51,1085498.25
52,1000389.3125
53,930194.25
54,464600.3125
55,1194211.125
56,253898.203125
57,901613.8125
58,491480.125
59,1769460.25
60,608922.8125
61,1100209.125
62,14871843.0
63,1482646.75
64,1851335.625
65,698260.8125
66,1792209.125
67,436930.0625
68,1868804.875
69,652362.5
70,1255202.875
71,717896.625
72,1181727.375
73,213737.921875
74,2338163.75
75,508981.125
76,169530.390625
77,254595.296875
78,7562595.0
79,63475.859375
80,659486.0625
81,2584244.25
82,355281.0625
83,867264.5
84,5594701.0
85,3309001.75
86,3354748.0
87,632664.75
88,531610.4375
89,30336476.0
90,1684474.125
91,391347.09375
92,316417.6875
93,99579.6640625
94,3349482.75
95,7266262.5
96,3674125.75
97,1974105.5
98,675147.25
99,8560827.0
100,6082809.5
101,292069.96875
102,1243705.375
103,214302.46875
104,224040.109375
105,9194278.0
106,876869.375
107,318163.96875
108,11092743.0
109,325288.71875
110,1106447.625
111,2440744.75
112,204342.203125
113,1301917.5
114,914073.1875
115,669466.5625
116,343411.90625
117,652027.875
118,473162.78125
119,1052817.625
120,245465.640625
121,1357605.75
122,670995.5
123,2623336.0
124,379562.40625
125,332177.125
126,2661069.5
127,1218005.25
128,808911.5
129,1393104.625
130,308698.4375
131,582743.5
132,217117.484375
133,726098.5625
134,2228541.75
135,5589085.5
136,511988.3125
137,1085470.25
138,1667410.875
139,131993.796875
140,221929.09375
141,550932.75
142,476132.21875
143,10550926.0
144,2658794.0
145,1289007.125
146,859146.0
147,1375429.5
148,441814.53125
149,272393.59375
150,2197842.75
151,257020.46875
152,242724.125
153,872148.125
154,2121377.0
155,1329615.25
156,211879.296875
157,1032233.6875
158,28898170.0
159,746824.8125
160,1299742.75
161,1141082.5
162,1030339.4375
163,822594.0
164,1530478.625
165,964781.8125
166,239309.71875
167,104151.03125
168,1071146.5
169,2954301.75
170,237048.265625
171,2235421.5
172,19995578.0
173,1311850.875
174,3354776.75
175,2247698.25
176,418418.4375
177,841858.75
178,1453479.0
179,4345517.0
180,4009632.0
181,430543.09375
182,547600.75
183,806527.375
184,275931.9375
185,529575.25
186,520449.875
187,629653.9375
188,6710076.0
189,63851.37890625
190,862571.9375
191,1989252.75
192,1232627.125
193,7930968.0
194,2378550.0
195,1717745.0
196,502618.28125
197,629345.9375
198,1652334.625
199,331328.5625
200,1489178.125
201,1496221.75
202,3982228.5
203,1559282.5
204,696069.375
205,8595932.0
206,2119160.75
207,1032361.6875
208,1300181.625
209,9236955.0
210,220776.703125
211,1886681.875
212,2098970.75
213,1221216.625
214,684464.0
215,182806.6875
216,184169.3125
217,309597.34375
218,5141679.0
219,689853.375
220,718283.5
221,656762.125
222,1493641.375
223,1569469.25
224,558678.1875
225,1243748.125
226,1276252.875
227,3021581.75
228,3770298.25
229,796101.625
230,1868247.125
231,879843.0625
232,2412530.25
233,1739004.625
234,1020884.25
235,2771918.5
236,1379716.25
237,20031424.0
238,1109361.75
239,2982690.5
240,12721022.0
241,265967.65625
242,534710.5625
243,550554.625
244,593744.25
245,318412.875
246,2627893.25
247,1358270.125
248,1014560.9375
249,594827.3125
250,1594007.0
251,944912.0625
252,3143857.25
253,216007.375
254,11240554.0
255,124726.75
256,265111.1875
257,1040296.875
258,3580720.75
259,415180.0625
260,7712526.0
261,895131.625
262,3787763.0
263,3668611.25
264,667850.6875
265,21463012.0
266,605027.125
267,215613.65625
268,3995885.75
269,2318711.75
270,1535269.125
271,1987483.625
272,710947.8125
273,550180.375
274,117672.5625
275,258183.71875
276,7511396.5
277,29681702.0
278,65289.8984375
279,107570.8828125
280,943465.0
281,3402690.25
282,840399.625
283,1819817.875
284,2820711.25
285,1434429.0
286,184355.9375
287,333844.125
288,2921938.75
289,15581307.0
290,2180368.75
291,1270294.375
292,432199.75
293,66352900.0
294,5943885.0
295,612117.5625
296,1892982.625
297,3651577.5
298,282573.03125
299,24609624.0
300,481538.46875
301,4047710.25
302,275560.875
303,1341894.0
304,944385.0
305,632025.5
306,22948230.0
307,6222601.0
308,1797611.375
309,377961.5
310,163464.671875
311,12199225.0
312,1793643.625
313,1824857.75
314,82456176.0
315,713397.625
316,2859911.25
317,220866.421875
318,959089.5625
319,694586.0
320,185817.984375
321,1252844.5
322,1746516.875
323,1174713.625
324,195613.0625
325,120069.8203125
326,627514.4375
327,2112147.5
328,1744175.0
329,12747837.0
330,1538371.875
331,184106.796875
332,534602.9375
333,1596365.0
334,1171925.125
335,249467.46875
336,903081.0625
337,474959.875
338,220778.8125
339,2635920.25
340,9145532.0
341,801829.25
342,2707683.75
343,2457986.0
344,345202.125
345,2930221.0
346,1343640.75
347,890447.0625
348,820887.9375
349,1488899.75
350,5395426.5
351,676824.625
352,2032493.75
353,5615762.5
354,597779.375
355,916279.5625
356,584058.75
357,759602.0
358,3809549.75
359,1519731.75
360,15680856.0
361,606750.75
362,755232.625
363,1415778.5
364,959975.375
365,753082.875
366,2711852.25
367,2150275.75
368,3739812.5
369,2353185.25
370,1661669.125
371,1044353.5625
372,7394223.5
373,415821.625
374,504261.25
375,1007775.0
376,327374.15625
377,13675755.0
378,1150389.75
379,105808.140625
380,156473.828125
381,2156710.25
382,4203665.5
383,537764.0625
384,2618781.75
385,563461.25
386,3278823.25
387,575154.5625
388,2385433.25
389,2489527.5
390,521943.03125
391,609196.4375
392,873403.3125
393,2838023.5
394,40575724.0
395,2454741.5
396,1340182.875
397,491564.5
398,328389.78125
399,1528216.5
400,876554.1875
401,1401386.25
402,142298.765625
403,1402140.25
404,196503.25
405,8445443.0
406,898190.375
407,627172.8125
408,3264620.5
409,1615066.875
410,4315900.5
411,2080951.0
412,1205548.625
413,177404.109375
414,4627305.5
415,1078573.125
416,568753.6875
417,111443.03125
418,787672.875
419,2454196.25
420,1313375.5
421,725668.625
422,776109.25
423,1192518.75
424,10609084.0
425,140871.546875
426,1155056.375
427,951089.625
428,28550330.0
429,2726425.75
430,885064.1875
431,298589.3125
432,350442.03125
433,1251379.25
434,1036091.9375
435,6037090.5
436,326105.3125
437,925512.375
438,3500957.25
439,680227.0625
440,145574.4375
441,1157121.375
442,3190425.25
443,190726.28125
444,1037517.75
445,1285129.625
446,1822843.625
447,2418102.0
448,527120.875
449,305287.375
450,334210.4375
451,462113.78125
452,1012706.875
453,147398.90625
454,3096548.25
455,511581.25
456,104072.203125
457,1520081.0
458,1366799.375
459,2979597.25
460,366993.375
461,16115238.0
462,140528.3125
463,2224672.75
464,293885.25
465,196766.171875
466,290996.78125
467,1034992.75
468,3112933.75
469,3057598.75
470,3367402.75
471,141952.734375
472,7459889.5
473,771234.4375
474,711476.1875
475,1475942.875
476,653473.3125
477,878607.125
478,843128.25
479,1389693.125
480,316249.375
481,858526.0
482,934626.0625
483,569544.0
484,641146.9375
485,1776375.5
486,870325.1875
487,357693.5
488,12369658.0
489,6882158.0
490,13259902.0
491,400462.25
492,919015.25
493,141354.0
494,764557.875
495,3308402.25
496,139652.8125
497,720169.0625
498,987555.5
499,615748.1875
500,265198.6875
501,2755979.25
502,173800.984375
503,696151.6875
504,1217250.375
505,798765.625
506,2101178.0
507,4967007.5
508,12250990.0
509,301638.875
510,523522.8125
511,1423765.75
512,757954.3125
513,4434065.5
514,962757.9375
515,1030482.9375
516,364172.125
517,774026.3125
518,241019.265625
519,227731.296875
520,1764055.0
521,2044124.0
522,2303251.25
523,2008918.0
524,1240633.75
525,21737436.0
526,753279.6875
527,1367609.125
528,549057.625
529,538670.0
530,182787.859375
531,1966337.875
532,228492.484375
533,147044.53125
534,2744687.5
535,1009178.1875
536,274558.28125
537,3001366.0
538,624530.5
539,576780.4375
540,638078.75
541,582484.0
542,492729.90625
543,66484.9453125
544,1194419.5
545,304432.03125
546,718428.75
547,897471.1875
548,467774.6875
549,1611568.125
550,559523.875
551,1046933.3125
552,1466006.625
553,7165907.0
554,196198.03125
555,7303730.5
556,333701.8125
557,1031829.1875
558,382050.46875
559,38331712.0
560,1543045.875
561,2234620.0
562,407236.71875
563,5259154.5
564,742548.0625
565,801240.625
566,356939.75
567,1352203.25
568,502921.3125
569,1485422.125
570,728119.1875
571,1236393.375
572,2117922.25
573,481488.875
574,716627.6875
575,877008.1875
576,582550.125
577,2175572.75
578,294017.3125
579,219054.84375
580,62298432.0
581,943387.625
582,1058220.125
583,2094214.125
584,70981136.0
585,1089533.75
586,182317.625
587,762281.25
588,830881.1875
589,29381536.0
590,1010091.0
591,327019.0625
592,748582.5
593,133572.890625
594,12086342.0
595,2690797.0
596,1457629.5
597,470601.6875
598,544855.5
599,1451352.875
600,775683.0625
601,709727.0625
602,278141.4375
603,575169.375
604,1348701.5
605,474148.40625
606,1033589.1875
607,232889.375
608,885292.125
609,1348025.125
610,381374.09375
611,1332936.5
612,1000098.375
613,523125.5625
614,150325.46875
615,2613014.0
616,605744.1875
617,956220.0
618,2179549.75
619,209935.921875
620,1151278.75
621,89691.2421875
622,214698.71875
623,880207.3125
624,1472301.75
625,995856.4375
626,389674.9375
627,118066.3359375
628,365182.09375
629,292812.65625
630,1122820.75
631,88729.515625
632,9146841.0
633,14179773.0
634,394923.84375
635,336979.5
636,318248.9375
637,534063.8125
638,1032732.9375
639,1211299.375
640,21035438.0
641,1077736.125
642,829230.6875
643,1262233.625
644,786929.5625
645,4022451.0
646,580214.25
647,512192.9375
648,1421833.5
649,589861.3125
650,338698.6875
651,1029933.75
652,239638.359375
653,13074734.0
654,1846999.125
655,1329862.5
656,1144492.625
657,945896.625
658,2921629.5
659,1605269.875
660,914025.25
661,1438825.625
662,674182.125
663,739240.5625
664,548951.3125
665,975341.125
666,4111597.5
667,658718.5625
668,6658308.5
669,424651.03125
670,585534.4375
671,521541.96875
672,1640383.125
673,1075593.25
674,4703018.0
675,329138.8125
676,835799.0
677,259284.21875
678,28879986.0
679,613701.625
680,1123927.375
681,662768.4375
682,538796.4375
683,270183.875
684,1052829.625
685,280866.15625
686,2339178.75
687,668194.0625
688,1576834.125
689,365557.34375
690,267254.96875
691,473319.375
692,253973.265625
693,15324856.0
694,480903.78125
695,4121254.75
696,971553.4375
697,4133543.5
698,350618.5625
699,3981089.5
700,3974659.25
701,847368.25
702,113551.15625
703,1962493.625
704,696030.875
705,641214.25
706,712499.4375
707,740763.5
708,1770104.875
709,17546424.0
710,801383.5625
711,56733648.0
712,273657.21875
713,522272.65625
714,328060.1875
715,709623.5
716,15113447.0
717,2413839.75
718,837012.25
719,7258284.0
720,1428616.0
721,542841.5625
722,524030.84375
723,3813108.25
724,1107634.375
725,85870.328125
726,741294.25
727,517410.75
728,460556.75
729,1428958.0
730,4255810.0
731,179498.90625
732,1771545.5
733,1168603.75
734,2387135.5
735,1797609.75
736,944805.75
737,590466.875
738,1231240.75
739,310476.40625
740,710021.5625
741,728136.5625
742,763995.875
743,1397270.625
744,264986.3125
745,368891.0
746,574623.3125
747,1452088.0
748,12312036.0
749,572383.0625
750,368417.4375
751,838555.0625
752,404287.28125
753,299781.6875
754,44708448.0
755,3725960.75
756,458944.5625
757,790303.4375
758,1613022.75
759,3374913.0
760,1329503.625
761,777084.625
762,395433.375
763,624663.9375
764,10377013.0
765,1472143.125
766,199965.28125
767,401257.03125
768,892868.875
769,298136.03125
770,2349286.0
771,105490.0546875
772,2279648.0
773,1432787.0
774,813531.6875
775,1189533.75
776,857566.125
777,491898.40625
778,1512829.75
779,638272.875
780,245780.703125
781,230692.546875
782,1347720.5
783,1407248.125
784,3816793.75
785,1639296.25
786,397649.09375
787,745735.1875
788,1192004.75
789,242350.578125
790,3986530.0
791,1429885.0
792,1373466.0
793,797064.1875
794,1470341.5
795,406095.75
796,775879.125
797,2185323.25
798,1305006.625
799,5851951.0
800,3259695.75
801,3702617.5
802,178348.65625
803,445608.09375
804,727951.875
805,216125.453125
806,112018.21875
807,1359107.125
808,2645374.0
809,894178.5625
810,3751436.0
811,338349.71875
812,3954137.5
813,547596.5625
814,490951.25
815,2086970.875
816,785417.3125
817,635510.5
818,469188.3125
819,59763.609375
820,522544.1875
821,759202.9375
822,3386161.25
823,2195333.0
824,6216059.0
825,175094.484375
826,3084931.75
827,943674.6875
828,618317.9375
829,131941.0625
830,1046539.0
831,1282901.0
832,2214951.75
833,2077041.125
834,580404.0625
835,820970.125
836,830723.5
837,13089331.0
838,2468178.25
839,447688.90625
840,621107.5
841,860300.4375
842,25988432.0
843,299089.78125
844,1081541.625
845,569511.375
846,1436483.75
847,12424965.0
848,368736.96875
849,1931727.125
850,2225521.75
851,1071334.5
852,121024.703125
853,1137055.5
854,3040904.0
855,12398924.0
856,5811203.0
857,79747.140625
858,4556100.5
859,884993.3125
860,1530329.75
861,697569.9375
862,1416629.375
863,1106882.5
864,2263167.75
865,2060914.75
866,383929.28125
867,1580236.375
868,2746792.75
869,195844.53125
870,6448784.5
871,1276015.5
872,3597750.0
873,385075.9375
874,1718218.5
875,758920.625
876,823295.625
877,497366.03125
878,3332884.75
879,636116.25
880,1192764.375
881,570491.5
882,1115734.125
883,969289.75
884,1243118.5
885,922266.4375
886,1489950.875
887,1592524.0
888,956636.8125
889,1852008.375
890,1539405.125
891,206363.265625
892,222704.65625
893,1017835.625
894,123035.203125
895,521749.9375
896,544379.1875
897,3774719.75
898,3293700.5
899,1180178.75
900,348167.15625
901,1384434.875
902,1046811.5
903,2992723.0
904,626256.5625
905,1865263.375
906,546289.9375
907,819499.5
908,1185083.75
909,1048361.0625
910,483360.0
911,847853.25
912,216182.34375
913,12309829.0
914,1482996.125
915,483699.40625
916,445388.875
917,595766.375
918,917149.4375
919,34251444.0
920,10409900.0
921,149922.875
922,670644.875
923,301968.15625
924,6807838.5
925,1771753.25
926,3339477.25
927,13085437.0
928,972677.0625
929,746576.25
930,61452.62890625
931,241099.5
932,715067.75
933,521586.25
934,307582.625
935,461346.28125
936,442241.125
937,1222703.5
938,4836364.5
939,4118594.75
940,3595729.5
941,3006382.25
942,850549.3125
943,1501023.875
944,442106.59375
945,346483.15625
946,1102402.125
947,250676.59375
948,1966322.875
949,915521.375
950,32541694.0
951,1256872.625
952,1048643.0
953,814002.75
954,1556018.875
955,903465.25
956,703529.3125
957,1079041.25
958,1107532.875
959,3290485.5
960,838326.375
961,1481826.875
962,1749808.0
963,957445.5
964,868664.25
965,1663048.375
966,314618.90625
967,720918.8125
968,298756.21875
969,630974.0
970,5979128.5
971,331194.625
972,263025.75
973,466199.03125
974,797677.8125
975,3332370.0
976,176751.40625
977,468046.0
978,2442053.25
979,333252.125
980,72713.0
981,733414.3125
982,938540.0625
983,1900083.5
984,514551.78125
985,971162.5
986,1238314.5
987,1877429.25
988,275310.53125
989,980254.4375
990,2457090.75
991,1109180.75
992,638279.625
993,2203162.5
994,1970819.25
995,498013.4375
996,2057605.625
997,113923.53125
998,223670.140625
999,3937328.25
1000,899321.8125
1001,1656398.875
1002,971039.3125
1003,511866.75
1004,11337556.0
1005,620362.1875
1006,684993.5625
1007,806146.75
1008,339628.9375
1009,1716507.0
1010,815764.5
1011,12948710.0
1012,1271527.0
1013,341268.25
1014,2664571.5
1015,672926.3125
1016,220152.890625
1017,4080262.25
1018,1343267.875
1019,1444684.25
1020,1740819.875
1021,773517.125
1022,2323827.75
1023,420740.4375
1024,3342048.25
1025,862120.4375
1026,1766824.625
1027,182734.515625
1028,1744758.875
1029,7689194.0
1030,1472908.375
1031,535740.5625
1032,360055.375
1033,849802.5625
1034,2144707.25
1035,894635.8125
1036,851488.3125
1037,520552.625
1038,419264.4375
1039,1041569.5625
1040,272737.75
1041,365529.46875
1042,1634042.5
1043,1306211.875
1044,1177466.0
1045,3032028.25
1046,1936081.625
1047,882932.125
1048,847227.6875
1049,235006.90625
1050,304134.875
1051,1488847.25
1052,2014844.75
1053,772521.875
1054,677672.0625
1055,485576.8125
1056,3785466.25
1057,200106.640625
1058,261070.453125
1059,1424180.0
1060,141103.21875
1061,1347910.75
1062,218693.9375
1063,2627953.5
1064,518385.25
1065,144277424.0
1066,522084.90625
1067,1136131.0
1068,1129745.5
1069,1017484.3125
1070,33102544.0
1071,5508704.0
1072,2260003.75
1073,439800.875
1074,952655.5625
1075,638836.8125
1076,155413.75
1077,3754510.5
1078,2618145.0
1079,507128.8125
1080,388749.5625
1081,397902.125
1082,1831790.5
1083,846713.125
1084,341021.625
1085,1169466.75
1086,730502.0625
1087,338659.625
1088,505885.9375
1089,414426.46875
1090,240696.078125
1091,819136.9375
1092,1567186.875
1093,4158925.25
1094,1164885.125
1095,2443642.25
1096,988375.25
1097,705561.8125
1098,181457.421875
1099,6152053.0
1100,973654.3125
1101,1395612.625
1102,559172.875
1103,376283.0
1104,799292.9375
1105,2590282.0
1106,945450.1875
1107,656639.375
1108,351539.28125
1109,19107738.0
1110,2838545.75
1111,435485.71875
1112,17872578.0
1113,2738747.0
1114,759486.8125
1115,2402194.25
1116,382179.8125
1117,71421144.0
1118,525084.875
1119,862045.625
1120,652533.5625
1121,1260751.5
1122,493066.9375
1123,611773.8125
1124,895116.25
1125,770563.9375
1126,777178.0625
1127,13629871.0
1128,203969.546875
1129,1432806.125
1130,2913360.25
1131,358675.59375
1132,559207.5
1133,11033049.0
1134,812526.0
1135,1869451.875
1136,194358.8125
1137,1784934.25
1138,2089312.75
1139,1500490.0
1140,766989.75
1141,2139565.25
1142,1965080.0
1143,2987749.5
1144,402247.0625
1145,10602368.0
1146,3720769.25
1147,637100.375
1148,1051956.5
1149,1235946.625
1150,1196416.875
1151,778099.875
1152,436556.875
1153,246685.71875
1154,177472.640625
1155,1106503.625
1156,887734.625
1157,1008957.875
1158,442203.59375
1159,446535.5
1160,942935.1875
1161,522554.125
1162,12802687.0
1163,5226206.0
1164,33813620.0
1165,958204.5625
1166,895228.125
1167,176549.59375
1168,482879.9375
1169,114440.7734375
1170,339792.875
1171,2148998.5
1172,142720.5
1173,2992200.75
1174,1435931.875
1175,239181.953125
1176,1847742.625
1177,223125.796875
1178,3998459.0
1179,1709032.375
1180,1219502.25
1181,7319538.0
1182,423946.15625
1183,158339.59375
1184,24830518.0
1185,1565578.0
1186,533545.5625
1187,1358960.625
1188,355696.03125
1189,627674.25
1190,188016.609375
1191,655437.5
1192,1517055.75
1193,1591866.5
1194,1809211.875
1195,1167482.0
1196,501985.46875
1197,236086.046875
1198,543843.6875
1199,546496.8125
1200,499586.5625
1201,2564708.25
1202,9419443.0
1203,478733.875
1204,967811.8125
1205,466450.75
1206,4302823.5
1207,527726.5
1208,1805170.375
1209,5728419.0
1210,444200.71875
1211,198510.578125
1212,386718.78125
1213,270740.5
1214,492222.65625
1215,116349.328125
1216,767261.1875
1217,1477351.125
1218,447213.09375
1219,555599.1875
1220,2540009.5
1221,958106.8125
1222,392061.71875
1223,885831.8125
1224,249449.375
1225,986255.75
1226,1498939.625
1227,758809.1875
1228,823990.75
1229,6882414.0
1230,18220320.0
1231,2878320.5
1232,651767.375
1233,748194.9375
1234,409949.5625
1235,19452300.0
1236,2163980.75
1237,2389581.75
1238,951144.0625
1239,1544905.5
1240,15800135.0
1241,672619.625
1242,2322857.25
1243,122747.0078125
1244,2946606.0
1245,319116.3125
1246,899584.3125
1247,9722305.0
1248,1718539.625
1249,624743.1875
1250,1455674.875
1251,543456.9375
1252,1229883.0
1253,1967322.625
1254,1873837.5
1255,1033899.6875
1256,2354119.0
1257,5486427.0
1258,1359324.875
1259,724783.375
1260,258491.1875
1261,107889.28125
1262,297453.03125
1263,1411386.375
1264,3127237.25
1265,600494.0
1266,9465712.0
1267,1044567.6875
1268,1121091.625
1269,1776943.125
1270,3549759.75
1271,892402.375
1272,371455.75
1273,2142352.25
1274,2641010.5
1275,2302416.75
1276,46277.18359375
1277,403063.46875
1278,2547610.0
1279,998101.25
1280,1014778.6875
1281,1633568.75
1282,2458079.75
1283,10088525.0
1284,3709010.75
1285,1086549.5
1286,1283898.5
1287,1971667.125
1288,441573.5625
1289,1153335.875
1290,289265.25
1291,306169.0625
1292,724366.6875
1293,1014656.75
1294,1200363.25
1295,1785821.375
1296,119023.3359375
1297,935810.5
1298,1317783.0
1299,478310.84375
1300,16227263.0
1301,1148453.875
1302,1467587.375
1303,618556.25
1304,10525219.0
1305,3136077.5
1306,844575.1875
1307,245574.515625
1308,6162599.0
1309,847936.5625
1310,1467078.0
1311,1034856.5625
1312,321940.1875
1313,144913.84375
1314,1313854.125
1315,257425.46875
1316,1013908.0625
1317,5049462.5
1318,803474.25
1319,38004916.0
1320,1634463.25
1321,921411.9375
1322,1256938.625
1323,497644.5625
1324,215023.078125
1325,546630.75
1326,917346.25
1327,4061739.25
1328,338632.15625
1329,231209.484375
1330,959959.8125
1331,272825.6875
1332,651911.5625
1333,581639.6875
1334,1201225.5
1335,318955.6875
1336,1044177.3125
1337,772553.5625
1338,1532187.25
1339,682217.625
1340,16323869.0
1341,9815898.0
1342,238857.34375
1343,893126.9375
1344,1114366.625
1345,2904316.75
1346,1604328.75
1347,493496.4375
1348,768520.75
1349,754887.6875
1350,891248.1875
1351,1542336.75
1352,1081214.75
1353,5666639.5
1354,1870793.125
1355,205717.578125
1356,400880.28125
1357,396581.84375
1358,1050412.625
1359,3237485.5
1360,7740372.0
1361,613780.625
1362,437741.28125
1363,1014766.0625
1364,1662084.375
1365,2265720.5
1366,1226549.375
1367,619740.6875
1368,720225.4375
1369,2771833.75
1370,694400.5625
1371,1062578.75
1372,781359.8125
1373,1685568.5
1374,775921.25
1375,481528.375
1376,927742.8125
1377,714083.0625
1378,957589.75
1379,1041569.5625
1380,1561753.0
1381,194541.65625
1382,26911714.0
1383,9203419.0
1384,504286.25
1385,248784.171875
1386,243095.46875
1387,276286.625
1388,144185.421875
1389,3691233.0
1390,41491788.0
1391,1692107.5
1392,1009477.5625
1393,821244.1875
1394,3369915.0
1395,291902.875
1396,1443194.375
1397,1544577.0
1398,1183846.875
1399,1021067.3125
1400,507651.40625
1401,3042058.5
1402,9954685.0
1403,1604795.375
1404,2246164.0
1405,353384.0
1406,560524.1875
1407,712393.4375
1408,175901.53125
1409,640366.0
1410,1499856.25
1411,583573.8125
1412,3253502.75
1413,692215.3125
1414,4005275.25
1415,1630484.0
1416,246486.296875
1417,1847015.0
1418,315976.21875
1419,984487.1875
1420,513705.03125
1421,887595.8125
1422,182294.140625
1423,828931.8125
1424,502677.25
1425,521345.5625
1426,5031623.5
1427,4581310.0
1428,1325110.0
1429,109904.1796875
1430,1197180.375
1431,2180163.0
1432,1117080.875
1433,12519216.0
1434,1566108.125
1435,13118774.0
1436,697682.375
1437,1103959.125
1438,1306317.75
1439,203940.5625
1440,19189734.0
1441,1400539.125
1442,18182654.0
1443,1919227.625
1444,1565046.625
1445,807769.0
1446,877944.625
1447,1773819.25
1448,5395184.5
1449,1942432.5
1450,434856.125
1451,118018.6015625
1452,2477658.75
1453,2452359.5
1454,667844.9375
1455,220872.3125
1456,851968.375
1457,770301.625
1458,2962800.0
1459,771073.375
1460,1841365.875
1461,1348944.625
1462,1004223.3125
1463,1161546.125
1464,1610062.625
1465,2352884.75
1466,1562661.875
1467,1986318.25
1468,934046.875
1469,1830664.0
1470,178237.28125
1471,490784.125
1472,1606698.875
1473,1207803.0
1474,548473.5625
1475,900972.625
1476,17535518.0
1477,727418.875
1478,1610231.625
1479,604301.125
1480,1238750.375
1481,3142481.25
1482,2667754.75
1483,79830.234375
1484,1467996.0
1485,187269.671875
1486,1101266.125
1487,2345196.25
1488,3089407.0
1489,330047.21875
1490,102097.7890625
1491,2609144.25
1492,2360582.5
1493,560721.5
1494,578371.8125
1495,486323.875
1496,2027655.625
1497,495945.5625
1498,2380824.0
1499,914938.3125
1500,2695769.75
1501,10442275.0
1502,599128.5625
1503,6845547.0
1504,841479.875
1505,2217063.0
1506,565290.6875
1507,1355525.375
1508,1380511.25
1509,54441.19921875
1510,526719.875
1511,831847.6875
1512,530232.75
1513,1406424.375
1514,3695660.75
1515,17562328.0
1516,906137.625
1517,525068.875
1518,15960942.0
1519,1831713.625
1520,777626.5625
1521,4421634.0
1522,320548.6875
1523,869260.125
1524,163257.9375
1525,461576.0
1526,1012055.1875
1527,2461925.0
1528,516199.78125
1529,935026.375
1530,674616.25
1531,483141.5625
1532,39078272.0
1533,933940.0
1534,815648.5625
1535,786751.75
1536,72780.5
1537,9485412.0
1538,236745.078125
1539,536673.3125
1540,197341.21875
1541,1956547.375
1542,3555577.25
1543,370525.59375
1544,1390222.0
1545,986035.6875
1546,589284.4375
1547,1044288.8125
1548,63451.1640625
1549,235321.328125
1550,1085100.75
1551,170066.234375
1552,1306377.5
1553,478873.625
1554,2071559.5
1555,708972.125
1556,26430336.0
1557,15789892.0
1558,371670.46875
1559,2879306.0
1560,526609.875
1561,2049740.25
1562,2397827.25
1563,908480.75
1564,113161.3203125
1565,850055.4375
1566,435005.46875
1567,369163.75
1568,2421150.5
1569,540678.25
1570,955717.625
1571,1236476.0
1572,2379814.0
1573,875602.5625
1574,875307.0
1575,636611.5
1576,26595800.0
1577,173235.046875
1578,2932040.75
1579,1253366.75
1580,545048.3125
1581,2082086.5
1582,894849.125
1583,5385510.0
1584,1039500.5625
1585,322562.5
1586,903277.4375
1587,389536.71875
1588,1812524.25
1589,1257478.125
1590,365293.53125
1591,519632.5625
1592,481341.0625
1593,2568024.5
1594,222386.296875
1595,4612796.5
1596,172473.609375
1597,2630180.0
1598,1626407.25
1599,702326.6875
1600,43383856.0
1601,7565033.0
1602,29274918.0
1603,473509.4375
1604,7327961.5
1605,2004759.125
1606,995343.75
1607,2880819.5
1608,149605.796875
1609,278987.84375
1610,5888586.5
1611,523927.90625
1612,1795677.0
1613,1143046.25
1614,2702972.75
1615,1366645.625
1616,267395.4375
1617,878844.3125
1618,2885903.75
1619,1903005.0
1620,148665.53125
1621,920609.125
1622,440438.84375
1623,2409003.25
1624,514636.1875
1625,382172.53125
1626,9600536.0
1627,764305.625
1628,387568.6875
1629,2359844.25
1630,1421348.25
1631,486644.0
1632,1018709.625
1633,384170.28125
1634,1177455.875
1635,2513622.75
1636,806133.6875
1637,511735.46875
1638,119074.0859375
1639,7602685.5
1640,109994.4609375
1641,335839.28125
1642,2187809.0
1643,566638.4375
1644,98387.9765625
1645,1864564.375
1646,2302629.75
1647,2119445.75
1648,7633803.0
1649,7895258.0
1650,566566.5625
1651,1917661.5
1652,830006.875
1653,958220.125
1654,335157.78125
1655,4874101.0
1656,616870.25
1657,2443066.5
1658,1212586.875
1659,1313788.875
1660,102207.9765625
1661,632176.1875
1662,644470.1875
1663,1190328.125
1664,2683058.5
1665,4572240.0
1666,6702439.5
1667,1178287.125
1668,198869.84375
1669,229760.515625
1670,627885.0
1671,2099553.5
1672,122563.125
1673,1147323.0
1674,543238.25
1675,1104588.875
1676,251764.546875
1677,762074.0625
1678,467382.28125
1679,807728.9375
1680,1378958.625
1681,764036.0
1682,397848.59375
1683,4731373.0
1684,463626.125
1685,1071370.25
1686,524200.28125
1687,3074071.5
1688,806292.8125
1689,1232523.75
1690,1285268.125
1691,5532295.0
1692,664664.1875
1693,371286.4375
1694,340071.6875
1695,554007.125
1696,1246778.875
1697,845957.6875
1698,807628.8125
1699,531778.3125
1700,3715439.75
1701,1009333.1875
1702,1303618.375
1703,770968.9375
1704,816975.9375
1705,1073807.875
1706,934573.5
1707,1324425.25
1708,319197.28125
1709,126006.1484375
1710,740161.1875
1711,1761511.5
1712,1851363.875
1713,786003.3125
1714,755659.125
1715,1256857.0
1716,972257.875
1717,1844907.75
1718,1289494.125
1719,1106576.375
1720,1570718.0
1721,1374022.75
1722,2718525.0
1723,1904097.75
1724,368234.4375
1725,798751.1875
1726,5067287.0
1727,477589.28125
1728,1805399.375
1729,756398.1875
1730,191781.4375
1731,615713.5625
1732,269405.28125
1733,477675.84375
1734,624150.0625
1735,323940.5
1736,654572.9375
1737,2721850.75
1738,866089.1875
1739,403165.34375
1740,1144602.875
1741,829804.25
1742,520828.21875
1743,996247.8125
1744,254062.90625
1745,691256.125
1746,275964.8125
1747,2384916.75
1748,1441780.125
1749,487693.53125
1750,1357678.25
1751,1678620.875
1752,1163669.375
1753,51349788.0
1754,3556625.0
1755,362557.96875
1756,563579.5
1757,1531936.0
1758,214735.171875
1759,166650.28125
1760,3561787.75
1761,3198776.0
1762,117326.7578125
1763,1558893.0
1764,695102.1875
1765,590989.125
1766,470929.875
1767,5345638.5
1768,1185543.875
1769,481733.6875
1770,22126208.0
1771,798232.5625
1772,1455130.875
1773,118566.3125
1774,2084090.875
1775,2184294.0
1776,1141015.0
1777,45948164.0
1778,1076587.625
1779,14950225.0
1780,429909.59375
1781,310046.78125
1782,662254.75
1783,5116102.5
1784,202396.515625
1785,249092.078125
1786,3766610.75
1787,1937734.875
1788,2371632.5
1789,249279.828125
1790,3871420.25
1791,950794.0
1792,872454.25
1793,836670.6875
1794,142476.53125
1795,925710.125
1796,184886.78125
1797,1347905.625
1798,639821.5
1799,950087.0
1800,280543.59375
1801,1025405.875
1802,471774.53125
1803,269855.28125
1804,5227497.0
1805,628183.875
1806,830823.375
1807,310476.40625
1808,2001998.375
1809,662323.625
1810,1567255.625
1811,604412.9375
1812,597060.3125
1813,379039.0
1814,1388703.375
1815,1431380.25
1816,372095.0
1817,492286.03125
1818,271654.75
1819,352937.0625
1820,671466.0
1821,1329413.625
1822,1991447.0
1823,1564043.875
1824,1733009.75
1825,16050971.0
1826,114940.9609375
1827,1178481.625
1828,188002.09375
1829,447233.5625
1830,828130.625
1831,816101.4375
1832,327542.8125
1833,3424090.25
1834,4704471.5
1835,771973.1875
1836,1529865.75
1837,516896.34375
1838,368595.28125
1839,375470.0
1840,3552127.0
1841,324544.71875
1842,787699.1875
1843,2892287.75
1844,480864.8125
1845,163971.640625
1846,731437.5625
1847,3164257.0
1848,901092.0625
1849,1269462.375
1850,115445.9765625
1851,1139365.5
1852,212660.5
1853,100675.9765625
1854,226064.6875
1855,17329602.0
1856,2763506.5
1857,251274.015625
1858,572195.3125
1859,885999.9375
1860,340980.65625
1861,5792976.0
1862,1266590.25
1863,565063.8125
1864,363301.09375
1865,675102.125
1866,509625.1875
1867,479127.15625
1868,263892.8125
1869,929429.875
1870,10181331.0
1871,509524.59375
1872,7477354.5
1873,892567.5
1874,118743.75
1875,757659.4375
1876,730752.875
1877,180541.53125
1878,2136604.5
1879,772108.6875
1880,4218496.5
1881,170087.484375
1882,1349878.875
1883,1049980.0
1884,1384658.125
1885,359831.90625
1886,820954.4375
1887,33602612.0
1888,616526.1875
1889,3301657.25
1890,748444.0
1891,4394959.0
1892,894359.375
1893,1190576.75
1894,2774396.5
1895,2155916.25
1896,589797.75
1897,20726820.0
1898,2395068.75
1899,325164.65625
1900,676872.4375
1901,666716.625
1902,1696250.25
1903,377120.0625
1904,1368057.875
1905,1131025.125
1906,4881712.0
1907,542954.4375
1908,644106.4375
1909,1595537.0
1910,1106139.625
1911,36880900.0
1912,710989.1875
1913,10912833.0
1914,937869.875
1915,1372010.25
1916,1687968.625
1917,80815.2578125
1918,2000194.875
1919,385817.375
1920,2066496.375
1921,2177038.0
1922,10225996.0
1923,2035923.625
1924,243231.59375
1925,192530.03125
1926,1082559.125
1927,2974163.5
1928,1907787.625
1929,699936.25
1930,347888.0
1931,977042.9375
1932,1671851.75
1933,3518942.5
1934,8963682.0
1935,465766.1875
1936,1081012.625
1937,1645841.0
1938,1343173.125
1939,1380903.625
1940,649352.6875
1941,830798.8125
1942,3389408.25
1943,1037830.4375
1944,18122132.0
1945,1453473.5
1946,735837.6875
1947,575199.0
1948,1367903.875
1949,537288.875
1950,956843.9375
1951,965972.25
1952,980957.6875
1953,4051549.0
1954,1335170.625
1955,813943.75
1956,2359056.75
1957,360574.59375
1958,5223600.0
1959,384106.5625
1960,2088982.0
1961,1619732.875
1962,3994133.25
1963,890750.25
1964,238561.859375
1965,96143.640625
1966,495072.75
1967,1723085.5
1968,628321.625
1969,527770.3125
1970,3729650.75
1971,827587.4375
1972,1377533.75
1973,2759748.0
1974,2217450.0
1975,847648.75
1976,1483813.75
1977,589771.3125
1978,2872811.0
1979,1708553.375
1980,57295.16015625
1981,1421914.875
1982,493598.125
1983,341188.53125
1984,1409938.875
1985,4458910.5
1986,725746.875
1987,1607696.75
1988,881551.4375
1989,346784.3125
1990,244465.75
1991,370621.34375
1992,68688.265625
1993,980355.375
1994,548211.5625
1995,714955.25
1996,1686451.25
1997,31052924.0
1998,1329687.5
1999,455303.5625
2000,1151923.375
2001,159333.90625
2002,10348412.0
2003,2936733.75
2004,1967369.625
2005,1111700.125
2006,5904461.5
2007,2122040.5
2008,952290.375
2009,1067792.0
2010,2280620.0
2011,351479.28125
2012,1776170.5
2013,1652334.625
2014,1059974.5
2015,2714952.25
2016,801779.5
2017,1464339.625
2018,227397.296875
2019,416019.53125
2020,1042807.9375
2021,294322.53125
2022,254964.625
2023,233316.1875
2024,130092448.0
2025,902062.75
2026,2295068.25
2027,641758.6875
2028,495604.6875
2029,1140858.375
2030,2772888.75
2031,1115395.75
2032,293399.40625
2033,1395784.25
2034,1838928.25
2035,1638233.5
2036,632450.0
2037,629558.4375
2038,1211859.75
2039,1137090.25
2040,1234740.25
2041,514149.0625
2042,7250563.0
2043,507090.125
2044,332283.25
2045,229290.984375
2046,1022377.875
2047,1282268.625
2048,660374.6875
2049,1117300.375
2050,1588604.375
2051,2241398.5
2052,262431.40625
2053,682218.3125
2054,1401263.25
2055,754145.8125
2056,104295.953125
2057,484629.8125
2058,1814913.0
2059,1556531.0
2060,395812.9375
2061,268235.71875
2062,468522.96875
2063,963739.9375
2064,72015.078125
2065,452719.96875
2066,1286216.0
2067,73763.9609375
2068,332764.0
2069,354573.96875
2070,244479.515625
2071,1856861.25
2072,359476.5625
2073,3078381.0
2074,766316.375
2075,12305908.0
2076,1823587.75
2077,2089332.75
2078,569287.6875
2079,2152140.75
2080,1402580.25
2081,4018091.75
2082,6142327.0
2083,584446.5625
2084,505793.8125
2085,352587.1875
2086,602451.6875
2087,2659582.75
2088,900916.75
2089,815434.6875
2090,716648.25
2091,1756742.0
2092,1239855.375
2093,883287.5625
2094,861320.0
2095,813956.9375
2096,381695.0
2097,100483.9375
2098,488001.53125
2099,299971.3125
2100,149181.21875
2101,218006.34375
2102,5007048.0
2103,492291.6875
2104,255640.765625
2105,101016624.0
2106,507595.25
2107,1425078.0
2108,854992.1875
2109,2004751.5
2110,587874.375
2111,406897.0625
2112,2352462.75
2113,804306.0625
2114,1052989.25
2115,963649.875
2116,2700082.0
2117,2864983.5
2118,93002.7734375
2119,802524.625
2120,640534.5625
2121,222351.953125
2122,428621.28125
2123,222420.03125
2124,1551472.875
2125,2523083.0
2126,343516.75
2127,2176710.0
2128,869485.625
2129,810356.125
2130,511164.78125
2131,391519.5625
2132,312970.0
2133,2625145.5
2134,318912.1875
2135,3755047.75
2136,482046.1875
2137,1577470.375
2138,633581.3125
2139,29634694.0
2140,2300340.5
2141,14407523.0
2142,3481572.75
2143,779327.4375
2144,162872.578125
2145,769563.6875
2146,1646034.125
2147,315486.9375
2148,3978372.0
2149,471877.5625
2150,365576.1875
2151,933747.625
2152,173532.34375
2153,322530.53125
2154,434585.8125
2155,17992494.0
2156,3211614.25
2157,480670.40625
2158,14052153.0
2159,1579177.25
2160,13915779.0
2161,472921.875
2162,2696083.5
2163,463671.65625
2164,11532582.0
2165,288922.28125
2166,17541640.0
2167,519894.78125
2168,498397.34375
2169,490821.5625
2170,1666714.5
2171,694501.1875
2172,796637.8125
2173,1155359.25
2174,2053281.375
2175,440483.375
2176,237116.328125
2177,543117.0
2178,911116.6875
2179,1816686.25
2180,4602422.0
2181,261189.25
2182,6519345.5
2183,518072.40625
2184,427490.90625
2185,458897.75
2186,1156257.625
2187,916798.75
2188,510268.09375
2189,12771006.0
2190,888991.0625
2191,168448.515625
2192,2910000.5
2193,1593801.75
2194,1443143.375
2195,12518380.0
2196,4240677.5
2197,901373.9375
2198,1968262.875
2199,263312.09375
2200,15576969.0
2201,366522.5625
2202,168314.921875
2203,470210.96875
2204,533997.625
2205,90527.390625
2206,444703.84375
2207,1319376.25
2208,425067.96875
2209,2283928.5
2210,853655.1875
2211,9912945.0
2212,385606.96875
2213,715649.6875
2214,2196686.0
2215,826055.3125
2216,305903.1875
2217,2297711.75
2218,801354.5
2219,850186.8125
2220,3919058.0
2221,1919260.625
2222,590574.4375
2223,1816029.625
2224,476154.46875
2225,575086.0
2226,1271232.375
2227,1039139.75
2228,2787078.0
2229,1087176.625
2230,876038.5625
2231,264882.21875
2232,1141928.375
2233,1126059.25
2234,3913709.5
2235,460274.4375
2236,876013.5
2237,3090774.25
2238,1973256.625
2239,535998.6875
2240,552754.75
2241,2534831.0
2242,1786874.125
2243,2358784.5
2244,390381.28125
2245,1208885.125
2246,187842.9375
2247,2451083.0
2248,571341.9375
2249,190277.90625
2250,746969.375
2251,284607.09375
2252,1363328.75
2253,612578.9375
2254,896037.0
2255,700268.75
2256,914662.625
2257,395144.625
2258,2439230.0
2259,760095.5
2260,353501.28125
2261,2870130.25
2262,303034.6875
2263,215979.984375
2264,124617.8359375
2265,611085.1875
2266,589368.6875
2267,981221.5625
2268,973824.25
2269,6395720.0
2270,371859.8125
2271,138418.5
2272,862791.625
2273,138761.609375
2274,1185467.0
2275,887739.6875
2276,2080647.375
2277,356923.75
2278,506572.9375
2279,1165659.75
2280,1423203.75
2281,501330.53125
2282,3123600.75
2283,1701280.5
2284,737214.375
2285,6149994.0
2286,1807820.0
2287,5675763.5
2288,1365467.875
2289,2945285.5
2290,926603.9375
2291,890905.75
2292,7359119.5
2293,230410.890625
2294,15689591.0
2295,6708150.0
2296,871999.25
2297,411830.46875
2298,993084.25
2299,781428.375
2300,193969.203125
2301,459687.46875
2302,1910225.375
2303,126612.171875
2304,947838.0625
2305,103867.34375
2306,493736.53125
2307,616463.25
2308,700579.375
2309,546375.375
2310,811525.5
2311,2132901.5
2312,631933.25
2313,297878.5625
2314,508382.0
2315,2041320.75
2316,202734.015625
2317,213179.109375
2318,3516654.5
2319,1196919.0
2320,741750.375
2321,1506803.875
2322,1415153.5
2323,2703444.5
2324,796494.25
2325,2425851.5
2326,568401.75
2327,1481605.125
2328,843725.875
2329,1194435.5
2330,6851529.5
2331,136587.5
2332,1806925.5
2333,190188.640625
2334,379162.625
2335,1172436.0
2336,29669984.0
2337,1541478.0
2338,7720989.5
2339,496119.1875
2340,296380.6875
2341,586735.125
2342,1548845.875
2343,425207.4375
2344,1576372.5
2345,148516.59375
2346,377321.15625
2347,8336041.0
2348,1552224.625
2349,214947.640625
2350,9225159.0
2351,1085189.75
2352,1196518.375
2353,1743474.875
2354,952615.5625
2355,167340.828125
2356,2085210.25
2357,668011.8125
2358,349080.46875
2359,175312.703125
2360,376716.40625
2361,219613.75
2362,44768096.0
2363,3847235.5
2364,1307409.5
2365,386187.6875
2366,191999.9375
2367,380889.9375
2368,179498.21875
2369,347872.09375
2370,480894.59375
2371,543304.5625
2372,891397.8125
2373,493134.65625
2374,374364.125
2375,5071208.0
2376,422056.1875
2377,3922823.5
2378,6405669.5
2379,300853.4375
2380,1233597.375
2381,2284514.5
2382,988540.1875
2383,1452625.375
2384,1050331.5
2385,172738.96875
2386,149401.625
2387,3159959.75
2388,652288.4375
2389,623186.5
2390,445816.8125
2391,6766800.5
2392,2354950.0
2393,443798.875
2394,2902431.25
2395,986411.875
2396,595327.875
2397,858357.375
2398,24077032.0
2399,200670.96875
2400,4673691.5
2401,798289.6875
2402,14248391.0
2403,1451069.125
2404,1900955.25
2405,275739.90625
2406,1086073.0
2407,180601.28125
2408,1019291.6875
2409,623974.5
2410,683852.0
2411,1705635.875
2412,2478736.5
2413,509666.96875
2414,3823570.0
2415,578310.5625
2416,627561.6875
2417,1192383.375
2418,526545.125
2419,661373.6875
2420,3151494.0
2421,1637349.5
2422,2057682.25
2423,1439856.375
2424,1181210.125
2425,938532.875
2426,2506867.0
2427,1399152.125
2428,219039.59375
2429,2447236.0
2430,4540134.5
2431,2047878.125
2432,1935494.5
2433,267634.21875
2434,337092.625
2435,8117884.0
2436,779370.5625
2437,1254445.375
2438,2307974.25
2439,1314993.5
2440,905577.8125
2441,1523344.875
2442,629385.5625
2443,394401.0625
2444,1824288.75
2445,295486.875
2446,320837.09375
2447,983498.0625
2448,2941022.0
2449,579974.125
2450,1433604.375
2451,1364672.5
2452,14750059.0
2453,14931217.0
2454,1050314.5
2455,1197339.125
2456,1992710.375
2457,1610601.75
2458,1672583.75
2459,1201749.125
2460,315420.4375
2461,1209727.0
2462,1864680.0
2463,688440.375
2464,309352.09375
2465,613671.75
2466,156219.609375
2467,1478440.625
2468,3642586.5
2469,4191772.0
2470,63808.6484375
2471,610899.875
2472,16292329.0
2473,1759577.25
2474,710480.125
2475,3942739.25
2476,747000.75
2477,2620243.25
2478,398561.78125
2479,2378266.5
2480,286456.03125
2481,1353791.625
2482,1031727.875
2483,404290.375
2484,343648.125
2485,1150206.5
2486,2695708.0
2487,244456.65625
2488,843193.375
2489,1282216.125
2490,3356831.25
2491,2858599.75
2492,259215.234375
2493,1874057.375
2494,1463368.0
2495,551380.625
2496,859128.0
2497,311246.3125
2498,1006268.1875
2499,722618.25
2500,421127.4375
2501,802398.375
2502,502326.46875
2503,3007500.5
2504,1378047.5
2505,282702.125
2506,922876.1875
2507,5078186.5
2508,13850136.0
2509,6857844.5
2510,927553.5
2511,516222.9375
2512,2794064.0
2513,1918495.625
2514,115795.1875
2515,126370.421875
2516,328484.0625
2517,442292.15625
2518,3899652.5
2519,2971050.75
2520,311425.34375
2521,149264.328125
2522,548835.125
2523,338373.59375
2524,4149389.5
2525,428625.375
2526,40750000.0
2527,14460271.0
2528,775630.5
2529,840397.1875
2530,162942.328125
2531,8931172.0
2532,2764073.0
2533,564741.0625
2534,1853206.25
2535,439917.90625
2536,1966838.625
2537,180464.0625
2538,275055.96875
2539,366438.0
2540,892523.25
2541,11083184.0
2542,464593.6875
2543,620335.5625
2544,243277.53125
2545,381976.5
2546,45506668.0
2547,2403482.0
2548,2352999.0
2549,341406.59375
2550,751894.5
2551,332842.71875
2552,3495349.25
2553,489474.875
2554,2201240.75
2555,144150.921875
2556,93628.3984375
2557,557939.1875
2558,1415045.625
2559,587398.625
2560,448118.625
2561,637740.5
2562,153064.84375
2563,283475.625
2564,414197.3125
2565,410685.25
2566,16992926.0
2567,4097314.25
2568,466589.125
2569,2923483.0
2570,105733.796875
2571,713721.5
2572,2754132.0
2573,414872.15625
2574,765110.75
2575,1245248.25
2576,219214.078125
2577,4603366.0
2578,799766.5
2579,1402550.75
2580,624231.0
2581,875080.8125
2582,928018.9375
2583,1125160.75
2584,998972.625
2585,58735.06640625
2586,452144.8125
2587,18686838.0
2588,662123.375
2589,5952609.5
2590,4831155.5
2591,200707.140625
2592,332306.375
2593,1939626.25
2594,7897291.0
2595,633540.1875
2596,95758.03125
2597,994205.3125
2598,580329.3125
2599,1698843.75
2600,112651.2578125
2601,1833996.375
2602,187002.140625
2603,1463299.625
2604,579921.5625
2605,1823222.625
2606,521070.6875
2607,8851331.0
2608,462240.75
2609,9388306.0
2610,2527745.75
2611,510884.5625
2612,9558603.0
2613,696451.875
2614,3862532.5
2615,1087127.875
2616,1539198.125
2617,917072.5
2618,4123735.5
2619,324733.90625
2620,1371931.75
2621,5286484.5
2622,11848818.0
2623,66445.6484375
2624,492326.875
2625,550141.0
2626,366094.625
2627,314400.5625
2628,557745.5
2629,607436.875
2630,874189.125
2631,1060047.375
2632,3358752.75
2633,835786.25
2634,7480571.0
2635,425886.40625
2636,299155.9375
2637,3574538.5
2638,1217947.125
2639,397471.65625
2640,677097.125
2641,279557.53125
2642,1243086.375
2643,11003690.0
2644,3052511.75
2645,478911.96875
2646,3450314.0
2647,147546.296875
2648,4005122.5
2649,2124527.25
2650,1043581.9375
2651,996226.9375
2652,276618.28125
2653,487795.875
2654,593032.375
2655,6466909.5
2656,2759424.5
2657,2164067.5
2658,1868669.375
2659,2714874.5
2660,563438.6875
2661,1654102.0
2662,1061832.125
2663,264601.21875
2664,358652.65625
2665,437831.03125
2666,2009259.0
2667,461543.0
2668,762148.9375
2669,454390.875
2670,317315.5
2671,2384584.75
2672,1050786.375
2673,3546325.5
2674,1456606.75
2675,1796319.25
2676,1088193.125
2677,1847672.125
2678,1871633.625
2679,2003545.375
2680,1903415.125
2681,7463177.0
2682,80240.734375
2683,17316486.0
2684,164851.421875
2685,919718.4375
2686,798337.625
2687,1666336.25
2688,2740233.5
2689,365837.0625
2690,710641.375
2691,1075038.5
2692,504131.40625
2693,1258021.5
2694,423784.46875
2695,258580.4375
2696,3196312.0
2697,340385.125
2698,515582.84375
2699,250338.3125
2700,299793.40625
2701,893991.875
2702,640254.25
2703,1206466.5
2704,563654.75
2705,534022.0625
2706,31860950.0
2707,486054.03125
2708,271912.40625
2709,295648.6875
2710,3031765.25
2711,1173056.75
2712,142993.25
2713,1676894.375
2714,3736030.25
2715,745284.4375
2716,10046395.0
2717,908078.875
2718,3376876.75
2719,958742.0625
2720,905203.9375
2721,1072617.5
2722,621315.4375
2723,386740.53125
2724,474381.34375
2725,2607972.75
2726,37907544.0
2727,258844.1875
2728,10158733.0
2729,762480.4375
2730,1093784.5
2731,2884379.5
2732,283506.71875
2733,8047101.5
2734,6186884.0
2735,664998.9375
2736,1149858.875
2737,287045.375
2738,2431718.5
2739,4327283.5
2740,592906.25
2741,518650.78125
2742,552605.5625
2743,958108.625
2744,567096.875
2745,6121742.5
2746,286700.90625
2747,392125.28125
2748,19428790.0
2749,6603488.5
2750,1082810.0
2751,2195423.0
2752,1440099.5
2753,2504790.5
2754,1288436.875
2755,358248.28125
2756,2808597.25
2757,14696338.0
2758,2514411.5
2759,11399354.0
2760,7894076.0
2761,1424326.625
2762,581100.8125
2763,2031914.25
2764,1724566.75
2765,1833515.5
2766,2719935.75
2767,55588480.0
2768,355672.28125
2769,287769.78125
2770,1208887.375
2771,3624439.25
2772,2715431.25
2773,1690264.125
2774,1692170.5
2775,1573721.375
2776,5457589.5
2777,251006.25
2778,890622.0
2779,1635620.25
2780,4795493.0
2781,507924.0625
2782,969844.5
2783,2695939.5
2784,621365.8125
2785,5914837.0
2786,91675.78125
2787,580124.625
2788,2450115.25
2789,208163.171875
2790,1096710.125
2791,2022638.0
2792,738998.125
2793,2254880.0
2794,884455.8125
2795,30819908.0
2796,1133358.375
2797,578885.5625
2798,2767264.5
2799,1340797.75
2800,2781358.5
2801,637918.75
2802,767835.8125
2803,1320680.5
2804,1265585.75
2805,116875.359375
2806,1018238.5
2807,19477916.0
2808,741060.3125
2809,1931358.75
2810,1387316.125
2811,1125513.875
2812,538992.1875
2813,13467687.0
2814,535091.625
2815,2869667.5
2816,185913.703125
2817,151751.1875
2818,8942183.0
2819,5178503.0
2820,248516.203125
2821,361860.90625
2822,337990.75
2823,427296.0625
2824,3405219.0
2825,880082.25
2826,3874179.25
2827,5118230.0
2828,1368325.375
2829,2693503.25
2830,1294489.125
2831,583587.1875
2832,1247623.25
2833,10632360.0
2834,310642.84375
2835,596210.8125
2836,1653185.75
2837,1527595.75
2838,653728.875
2839,5077140.5
2840,413116.78125
2841,428486.0
2842,1203916.0
2843,65596504.0
2844,14042615.0
2845,952948.125
2846,145602.203125
2847,104448.4453125
2848,828268.8125
2849,2123077.0
2850,73465.8671875
2851,2026203.875
2852,628243.1875
2853,466979.53125
2854,5191953.5
2855,1145557.25
2856,1538584.625
2857,539990.375
2858,17220278.0
2859,416234.625
2860,1455096.125
2861,318903.96875
2862,1185827.625
2863,50140852.0
2864,3195797.0
2865,2420954.0
2866,2193562.5
2867,1637721.125
2868,763299.6875
2869,138203.890625
2870,13486607.0
2871,2430911.75
2872,1076261.25
2873,140423.28125
2874,1155592.875
2875,540760.8125
2876,574621.6875
2877,990743.9375
2878,905928.5
2879,7236768.0
2880,53608096.0
2881,170660.0625
2882,7885205.0
2883,1153937.75
2884,1045964.3125
2885,212811.25
2886,972300.5
2887,1077979.75
2888,1341315.75
2889,1844652.625
2890,1190818.625
2891,1183246.375
2892,9028421.0
2893,705141.375
2894,712711.4375
2895,503973.28125
2896,1555665.75
2897,2095398.875
2898,6489886.5
2899,177812.328125
2900,837452.1875
2901,3575619.25
2902,268042.9375
2903,1648697.0
2904,634791.5
2905,4868410.5
2906,2917536.5
2907,1310334.125
2908,9029369.0
2909,1075319.375
2910,2762420.75
2911,1517692.375
2912,1739017.875
2913,3096757.75
2914,759021.9375
2915,188028.09375
2916,5941861.5
2917,837304.4375
2918,577558.75
2919,1314707.625
2920,2178500.25
2921,141187.609375
2922,2018516.25
2923,3849140.0
2924,3747531.25
2925,2018687.625
2926,3152272.5
2927,5108292.0
2928,493067.40625
2929,308632.5
2930,834111.6875
2931,884992.4375
2932,872783.8125
2933,277315.59375
2934,1199479.75
2935,1577661.375
2936,1286683.5
2937,2070066.5
2938,1566096.125
2939,562732.5
2940,2368960.75
2941,678761.875
2942,5650870.5
2943,704485.375
2944,921514.75
2945,1821034.875
2946,3792476.25
2947,709270.375
2948,1093605.125
2949,1270419.125
2950,371266.25
2951,333867.6875
2952,2247323.25
2953,302048.21875
2954,212926.15625
2955,1849764.875
2956,693456.1875
2957,514505.65625
2958,1140434.125
2959,336955.0625
2960,2300612.5
2961,967651.25
2962,1289238.25
2963,667874.25
2964,278988.125
2965,718552.125
2966,723336.75
2967,891641.8125
2968,739752.5625
2969,1093966.0
2970,518135.625
2971,355966.5
2972,356481.15625
2973,6892319.0
2974,730564.0625
2975,815468.9375
2976,725277.75
2977,403631.21875
2978,1819120.25
2979,5708889.0
2980,925910.5625
2981,17842536.0
2982,310465.4375
2983,184863.15625
2984,870509.4375
2985,55334176.0
2986,1034373.0625
2987,1927255.75
2988,1038295.75
2989,430797.75
2990,1593203.0
2991,181877.390625
2992,2694985.75
2993,2395333.75
2994,2679256.25
2995,21801712.0
2996,26822036.0
2997,33396612.0
2998,6525367.0
2999,314428.4375
3000,779834.5
3001,294984.5625
3002,741575.0
3003,373559.875
3004,163208.890625
3005,351465.53125
3006,920143.9375
3007,799527.0
3008,1252731.0
3009,11109619.0
3010,1524676.125
3011,1222862.125
3012,1202026.5
3013,724283.125
3014,8671476.0
3015,1974911.5
3016,688594.625
3017,409779.15625
3018,239445.328125
3019,608835.75
3020,1418723.625
3021,23444268.0
3022,2779409.75
3023,488946.71875
3024,797048.1875
3025,528028.0625
3026,155283.234375
3027,825064.125
3028,407085.28125
3029,2501434.0
3030,304121.8125
3031,534021.5625
3032,108938.6015625
3033,516481.46875
3034,1203110.375
3035,5612518.0
3036,3314352.0
3037,603784.375
3038,1673804.375
3039,1744479.375
3040,913383.0
3041,6007947.5
3042,2228839.25
3043,577210.75
3044,1216329.0
3045,650380.25
3046,435427.5625
3047,331952.90625
3048,210665.359375
3049,229203.96875
3050,11878121.0
3051,1461362.5
3052,2985445.25
3053,107336.625
3054,377926.53125
3055,1448277.75
3056,40570152.0
3057,31449902.0
3058,1398922.625
3059,521879.8125
3060,1399419.0
3061,97758.515625
3062,2233693.0
3063,1326306.0
3064,1840756.625
3065,6876981.5
3066,1846511.25
3067,3371647.75
3068,1655364.5
3069,557344.0625
3070,4095001.5
3071,1584688.375
3072,4810645.5
3073,1180539.0
3074,244507.25
3075,184664.921875
3076,624642.5
3077,1348903.5
3078,3894661.25
3079,4036592.75
3080,1390634.375
3081,9997365.0
3082,834882.875
3083,336446.4375
3084,2312502.0
3085,970058.1875
3086,976846.3125
3087,242544.09375
3088,312740.5625
3089,3055671.75
3090,2339747.5
3091,1033375.25
3092,732653.6875
3093,400857.71875
3094,2308705.25
3095,1971729.125
3096,428631.90625
3097,5255870.5
3098,3909766.5
3099,9586429.0
3100,375482.1875
3101,696358.875
3102,2787213.5
3103,16962940.0
3104,392114.0625
3105,644542.125
3106,826820.625
3107,3221639.25
3108,1718126.75
3109,980271.25
3110,998717.3125
3111,2972601.0
3112,297283.15625
3113,1251649.0
3114,1931498.75
3115,6743775.5
3116,9321430.0
3117,33188080.0
3118,1817330.75
3119,3434889.75
3120,765862.6875
3121,660970.75
3122,214712.84375
3123,801648.75
3124,706602.875
3125,462850.8125
3126,174647.875
3127,240465.03125
3128,2084655.5
3129,307244.59375
3130,426319.1875
3131,264977.96875
3132,1250818.5
3133,300509.90625
3134,12456715.0
3135,820639.0
3136,1138643.125
3137,152806.09375
3138,2568923.5
3139,401420.46875
3140,615899.125
3141,401703.09375
3142,362102.53125
3143,199815.25
3144,212487.375
3145,2405842.0
3146,49070792.0
3147,1158232.0
3148,939054.875
3149,520599.3125
3150,1732568.5
3151,172391.890625
3152,264459.9375
3153,2061496.625
3154,2015386.75
3155,506134.9375
3156,522028.15625
3157,406136.03125
3158,1867258.5
3159,1002611.875
3160,1549331.875
3161,337651.5
3162,2423881.25
3163,3966858.5
3164,922423.875
3165,652931.375
3166,141469.3125
3167,5416125.0
3168,778561.5625
3169,1671496.25
3170,682791.75
3171,737364.875
3172,4729343.0
3173,728689.5
3174,2308280.25
3175,2413733.75
3176,3472483.75
3177,443198.28125
3178,389626.25
3179,467126.5
3180,10307733.0
3181,1845282.5
3182,1799738.5
3183,575444.8125
3184,326051.1875
3185,112243.3203125
3186,3426974.75
3187,1142398.875
3188,364181.15625
3189,3043343.75
3190,437115.9375
3191,920674.9375
3192,721594.25
3193,1221632.375
3194,205592.25
3195,773199.25
3196,3816888.25
3197,362458.0625
3198,635746.9375
3199,576075.1875
3200,714427.0625
3201,1052093.875
3202,131994.421875
3203,2015792.25
3204,4875584.5
3205,2282345.5
3206,502119.53125
3207,196530.625
3208,1956566.0
3209,494398.53125
3210,1031654.0625
3211,807246.125
3212,475024.65625
3213,520036.09375
3214,1495915.0
3215,600164.1875
3216,490469.21875
3217,1252917.375
3218,186455.265625
3219,236979.5625
3220,506860.46875
3221,754063.875
3222,29387086.0
3223,1045595.3125
3224,1538706.375
3225,242572.09375
3226,1397180.0
3227,3488688.75
3228,18163208.0
3229,3033312.5
3230,499400.3125
3231,8403569.0
3232,41077360.0
3233,6932663.5
3234,424318.28125
3235,6560797.5
3236,1047019.1875
3237,1420242.5
3238,375205.84375
3239,771417.5625
3240,6677506.5
3241,738790.25
3242,182298.3125
3243,546628.1875
3244,256267.84375
3245,885580.9375
3246,759633.875
3247,859974.75
3248,555564.1875
3249,3619137.5
3250,831300.5
3251,658440.9375
3252,19650.033203125
3253,1960989.5
3254,2115249.75
3255,92902328.0
3256,1306633.0
3257,487275.125
3258,514994.59375
3259,30146072.0
3260,619650.3125
3261,3601436.75
3262,1156799.125
3263,231872.8125
3264,2389319.5
3265,1633143.5
3266,513508.59375
3267,1230098.875
3268,1747819.875
3269,2025489.125
3270,23391160.0
3271,1595789.625
3272,1670022.375
3273,175493.03125
3274,12612905.0
3275,845553.5625
3276,345356.5625
3277,2672501.25
3278,208790.4375
3279,1585057.125
3280,952135.125
3281,1193205.875
3282,500688.84375
3283,8397848.0
3284,1912675.375
3285,6675844.5
3286,12277353.0
3287,257943.515625
3288,752124.6875
3289,114865.0234375
3290,2853906.5
3291,298405.125
3292,213130.53125
3293,863580.25
3294,587612.625
3295,1506558.25
3296,862958.6875
3297,3445092.5
3298,47558864.0
3299,3300914.25
3300,796236.0625
3301,148614.359375
3302,168452.21875
3303,1055530.0
3304,1119489.0
3305,1270542.75
3306,2760119.25
3307,577741.6875
3308,2593933.25
3309,10437138.0
3310,2736347.75
3311,249576.21875
3312,749911.5625
3313,13909331.0
3314,1309115.125
3315,1635876.125
3316,550253.8125
3317,20116998.0
3318,3629603.75
3319,832439.6875
3320,141889.53125
3321,2361967.5
3322,2987484.5
3323,3070130.75
3324,375710.34375
3325,1384229.0
3326,1638157.0
3327,366812.46875
3328,923270.5625
3329,3945515.0
3330,1660167.5
3331,3094841.75
3332,20412136.0
3333,9030040.0
3334,13514958.0
3335,510365.9375
3336,984006.5625
3337,2026990.5
3338,948917.0625
3339,2387670.5
3340,250905.484375
3341,1584842.5
3342,7166529.0
3343,1317181.25
3344,565674.6875
3345,1441637.125
3346,268885.25
3347,164223.75
3348,474641.09375
3349,887080.4375
3350,1580839.25
3351,495969.21875
3352,1354976.125
3353,489663.96875
3354,767800.625
3355,243731.53125
3356,708430.0625
3357,320648.65625
3358,435890.0
3359,522302.03125
3360,1429800.375
3361,893329.625
3362,600939.125
3363,491132.46875
3364,1632702.875
3365,725255.625
3366,168752.421875
3367,263111.78125
3368,3033289.25
3369,465056.46875
3370,120255.5859375
3371,1220478.375
3372,8542632.0
3373,1181524.5
3374,187266.640625
3375,1961816.25
3376,5802276.0
3377,36178184.0
3378,417418.84375
3379,667029.5625
3380,733515.0625
3381,943501.9375
3382,17094938.0
3383,192487.984375
3384,217822.21875
3385,194032.671875
3386,177688.234375
3387,893835.0
3388,155259.6875
3389,753134.5625
3390,2144400.5
3391,521351.03125
3392,2729550.25
3393,2050528.125
3394,16397984.0
3395,2039672.5
3396,341557.375
3397,773880.875
3398,783002.4375
3399,520926.09375
3400,458359.3125
3401,4893397.5
3402,3486982.25
3403,102839.703125
3404,130269.03125
3405,1049959.0
3406,714386.8125
3407,299921.53125
3408,153523.453125
3409,751472.9375
3410,8288074.5
3411,3462328.5
3412,704337.5625
3413,208597.1875
3414,2297762.0
3415,749041.6875
3416,2740986.25
3417,1795867.125
3418,861133.5625
3419,8798025.0
3420,15688005.0
3421,3294046.0
3422,927027.3125
3423,560950.4375
3424,665062.375
3425,1758257.125
3426,499923.03125
3427,2130230.25
3428,620943.4375
3429,320641.3125
3430,933978.3125
3431,418435.96875
3432,562561.375
3433,1235571.875
3434,799040.6875
3435,238408.109375
3436,395917.5
3437,573630.125
3438,1193304.875
3439,7270054.0
3440,2288622.75
3441,448155.8125
3442,554899.6875
3443,1594986.25
3444,26669456.0
3445,1190718.625
3446,937461.25
3447,692503.875
3448,276173.34375
3449,1522842.25
3450,1046371.375
3451,625322.0
3452,3318273.75
3453,132994.546875
3454,5438282.5
3455,1981021.25
3456,524817.5625
3457,14253039.0
3458,702730.6875
3459,5043105.0
3460,1772666.0
3461,4579414.5
3462,2035846.0
3463,6323661.5
3464,628241.9375
3465,549774.9375
3466,190430.390625
3467,1536591.875
3468,2902985.0
3469,896062.625
3470,22116378.0
3471,290222.96875
3472,553105.9375
3473,1074129.5
3474,1586566.5
3475,759045.125
3476,1157749.375
3477,565388.8125
3478,441484.71875
3479,255202.046875
3480,427919.59375
3481,807586.4375
3482,573852.8125
3483,533618.875
3484,1242779.375
3485,3752917.5
3486,567920.625
3487,515517.9375
3488,7757783.0
3489,1110036.875
3490,719221.9375
3491,1663270.375
3492,420996.53125
3493,300441.6875
3494,12033482.0
3495,724822.0625
3496,719328.25
3497,3348020.0
3498,2049196.875
3499,1452337.25
3500,579873.5
3501,386520.03125
3502,355285.8125
3503,972721.5625
3504,1063175.75
3505,582890.8125
3506,47587.328125
3507,326765.59375
3508,213950.625
3509,337015.5
3510,227047.109375
3511,1153669.25
3512,779361.625
3513,3154895.0
3514,9381164.0
3515,1258787.125
3516,843026.9375
3517,1287590.625
3518,1621179.375
3519,132533.921875
3520,3453372.0
3521,2141472.0
3522,238011.921875
3523,738082.5
3524,271038.875
3525,35652500.0
3526,1566003.625
3527,2608855.75
3528,1924504.375
3529,465768.84375
3530,1328506.25
3531,325808.4375
3532,509628.59375
3533,42059264.0
3534,586940.0
3535,113183.6640625
3536,632674.375
3537,1806839.25
3538,9048954.0
3539,2915166.75
3540,1725535.75
3541,1202255.875
3542,27553744.0
3543,2879245.75
3544,3490336.0
3545,741680.375
3546,83065328.0
3547,666407.0625
3548,522525.25
3549,1704083.25
3550,66126.84375
3551,355510.1875
3552,800783.8125
3553,1257132.75
3554,424199.71875
3555,303172.28125
3556,1172461.75
3557,2066005.625
3558,564881.6875
3559,688831.125
3560,947712.4375
3561,58339956.0
3562,495642.03125
3563,963026.0625
3564,208610.71875
3565,1330382.625
3566,703330.0625
3567,660737.5625
3568,957839.125
3569,4590985.0
3570,4859903.0
3571,120732.5859375
3572,419756.125
3573,244408.40625
3574,313938.25
3575,352100.28125
3576,1405888.0
3577,1815087.75
3578,2268122.25
3579,551895.625
3580,298432.1875
3581,1598339.25
3582,1739538.625
3583,704061.5625
3584,8051907.0
3585,2995627.0
3586,1300617.0
3587,1819538.5
3588,813298.1875
3589,872100.75
3590,1109520.375
3591,3319242.25
3592,1400537.875
3593,729302.0
3594,613042.375
3595,876315.125
3596,898414.875
3597,5098708.5
3598,1297556.875
3599,506499.5
3600,1778991.375
3601,1166601.75
3602,1430396.375
3603,646470.1875
3604,619833.5
3605,1709303.0
3606,282339.21875
3607,589694.8125
3608,2251762.0
3609,2063138.875
3610,1226044.25
3611,2832148.25
3612,239447.375
3613,3189661.75
3614,82748.8828125
3615,1818813.25
3616,330799.09375
3617,1518199.125
3618,3096456.5
3619,2783014.25
3620,1330033.75
3621,4769314.0
3622,874596.0625
3623,1258284.25
3624,2672988.25
3625,2954082.0
3626,6160930.5
3627,714227.4375
3628,1206740.375
3629,139738.34375
3630,1425663.875
3631,3281275.75
3632,1985236.875
3633,501188.5625
3634,2924545.25
3635,6081933.5
3636,342632.375
3637,522845.75
3638,526126.5
3639,1768230.5
3640,1728213.5
3641,890540.5
3642,32997900.0
3643,294625.0
3644,575670.9375
3645,787518.1875
3646,4137534.75
3647,103361880.0
3648,783051.6875
3649,2397676.25
3650,781174.3125
3651,1805640.375
3652,857311.8125
3653,490011.5
3654,17155956.0
3655,1553133.875
3656,1194150.75
3657,641988.875
3658,3995630.5
3659,759249.25
3660,1523616.5
3661,656717.0
3662,732178.75
3663,1648854.25
3664,360546.0625
3665,290923.8125
3666,992114.0
3667,1655951.875
3668,2319025.75
3669,1101906.0
3670,852839.8125
3671,619247.375
3672,540044.9375
3673,69583.171875
3674,64046.05078125
3675,5065499.5
3676,1371923.875
3677,637372.6875
3678,5849195.0
3679,650374.0625
3680,1680839.5
3681,545037.875
3682,1194706.625
3683,2160022.0
3684,720408.8125
3685,352395.5625
3686,212558.109375
3687,506116.125
3688,436595.59375
3689,3042624.25
3690,754782.625
3691,165208.84375
3692,2583751.5
3693,1209157.25
3694,763194.125
3695,1239163.875
3696,516266.25
3697,309586.125
3698,5932129.0
3699,724709.375
3700,867207.4375
3701,609495.125
3702,530040.125
3703,226017.90625
3704,241288.109375
3705,797662.625
3706,6073720.5
3707,1626700.5
3708,892390.4375
3709,1328401.0
3710,653754.4375
3711,12820159.0
3712,560982.5
3713,1047609.5
3714,903007.8125
3715,1220218.875
3716,604580.6875
3717,495230.46875
3718,1117333.5
3719,4467304.0
3720,1879394.5
3721,1949414.0
3722,11502530.0
3723,1941338.0
3724,1616003.625
3725,515880.875
3726,598188.8125
3727,1689959.5
3728,351037.4375
3729,153486.5625
3730,399242.75
3731,489308.25
3732,1498711.0
3733,3172736.0
3734,1722518.625
3735,540655.5625
3736,571386.625
3737,520626.59375
3738,407969.46875
3739,242227.40625
3740,1332284.625
3741,156382.671875
3742,941398.75
3743,557946.125
3744,9019936.0
3745,869269.25
3746,1174769.625
3747,1164932.875
3748,1011485.875
3749,491973.46875
3750,1291048.125
3751,960757.5
3752,127608.7421875
3753,1242179.875
3754,2120567.75
3755,464388.125
3756,4659948.0
3757,442253.34375
3758,12122658.0
3759,540280.375
3760,1643609.0
3761,1137453.625
3762,238643.328125
3763,415867.21875
3764,1001239.75
3765,1521783.875
3766,3396909.25
3767,315646.75
3768,789247.4375
3769,443232.09375
3770,61334456.0
3771,905645.1875
3772,9596417.0
3773,4521420.5
3774,1347741.0
3775,441144.25
3776,202646.828125
3777,108706.1328125
3778,967837.6875
3779,979367.6875
3780,101432.6953125
3781,5098986.0
3782,2210826.0
3783,12593794.0
3784,22308042.0
3785,1372277.125
3786,53930124.0
3787,630454.25
3788,148747.640625
3789,613372.75
3790,12494526.0
3791,2180680.75
3792,246193.8125
3793,1025641.5625
3794,741979.625
3795,2254740.25
3796,1932576.625
3797,754400.5
3798,232187.46875
3799,1515650.125
3800,900693.375
3801,492373.375
3802,4325295.0
3803,5510905.5
3804,955058.0
3805,3886409.5
3806,1188912.25
3807,352211.78125
3808,16469544.0
3809,1018070.5625
3810,4188926.5
3811,675574.875
3812,1410112.375
3813,929724.1875
3814,1370527.25
3815,495764.46875
3816,3337961.5
3817,1580744.25
3818,659050.3125
3819,542749.375
3820,656816.625
3821,3564958.5
3822,516905.71875
3823,6428288.0
3824,789624.625
3825,282284.0
3826,438982.90625
3827,808990.1875
3828,833667.9375
3829,2567515.25
3830,1112957.25
3831,82637.609375
3832,1521483.5
3833,244039.015625
3834,175998.015625
3835,1810644.5
3836,12178000.0
3837,910517.375
3838,2260980.25
3839,886578.875
3840,824445.875
3841,845740.6875
3842,9897830.0
3843,643040.375
3844,44498144.0
3845,596803.0
3846,947497.3125
3847,1668780.5
